{"bias": 3.633628370200035, "#player's chess": -7.277851701465695, "(3, 1)": 0.148827697748762, "parityHeuristic": 0.6017100627590168, "stableHeuristic": 7.338270466490323, "mobilityHeuristic": 7.334260200574935, "positionHeuristic": 1.2452349430831928, "(3, 5)": 0.4896126596702054, "(5, 1)": 0.11588025016723667, "(5, 5)": 0.2196927133562493, "(5, 3)": 0.4054260627822301, "(1, 3)": 0.22634611918963712, "(1, 4)": 0.16270682927844596, "(2, 2)": 0.18737963967465077, "(2, 3)": 0.42049236271146223, "(3, 2)": 0.17321756606248834, "(4, 1)": 0.16361359430183114, "(4, 6)": 0.24246538535530376, "(5, 2)": 0.16375028032951824, "(5, 6)": 0.15406979594552653, "(2, 5)": 0.21449728279469715, "(1, 2)": 0.08052984860278968, "(6, 3)": 0.17323208105759616, "(6, 5)": 0.10001082863620199, "(1, 7)": -0.2783892739646511, "(1, 5)": 0.12347922519025872, "(3, 6)": 0.19421679300450587, "(3, 7)": 0.024396130093334866, "(4, 7)": 0.043503994669458194, "(6, 6)": -0.5546536131086556, "(7, 6)": -0.27107664056292313, "(5, 7)": 0.009035072733392147, "(7, 5)": -0.10447509742288624, "(7, 3)": 0.022470520930583462, "(7, 4)": 0.024458078033921565, "(2, 7)": -0.03844307602483011, "(0, 3)": -0.005993279806362974, "(0, 5)": -0.047312326498211064, "(7, 1)": -0.27542086605881566, "(0, 4)": -0.010258635153708848, "(1, 6)": -0.6296265145641958, "(2, 1)": 0.17468634705882016, "(4, 0)": 0.0323257442429394, "(5, 0)": -0.020201553166405026, "(6, 1)": -0.5457744650759881, "(1, 1)": -0.5140117116823296, "(2, 0)": -0.10378157007029992, "(1, 0)": -0.29104360036232385, "(3, 0)": 0.023692077548119507, "(6, 7)": -0.20500455241817922, "(0, 7)": 0.606903661429032, "(0, 0)": 0.5109622911539001, "(7, 0)": 0.6760548159071945, "(7, 7)": 0.8033597239587459, "(6, 4)": 0.3536211644637754, "(4, 2)": 0.33438861284148325, "(2, 6)": 0.13130704841574062, "(6, 0)": -0.2695726778181344, "(7, 2)": -0.06473367710075256, "(0, 6)": -0.33374196165123665, "(0, 1)": -0.3349298413836947, "(6, 2)": 0.12685263870859217, "(0, 2)": -0.006958511675049387, "(5, 4)": 0.2330841891140436, "(2, 4)": 0.24848268860710493}