{"bias": -4.04220732535622, "#player's chess": -0.33765659259166286, "(3, 5)": -0.03044963538201416, "parityHeuristic": -1.5604846767669396, "stableHeuristic": -0.11839901392205102, "mobilityHeuristic": -0.6586555932637952, "positionHeuristic": -0.05132860349982662, "(5, 3)": -0.051621026067317506, "(5, 5)": -0.045530705245730344, "(1, 3)": -0.04578118792468244, "(1, 5)": -0.027062506952143087, "(1, 4)": -0.005715332800520897, "(4, 2)": -0.04854454172875852, "(6, 4)": -0.05161878075803021, "(6, 6)": -0.25279972706344356, "(3, 1)": -0.053607496759626595, "(3, 2)": -0.04854730162481241, "(0, 4)": -0.02909884198687486, "(0, 6)": -0.24970054460088847, "(5, 2)": -0.05284030875567848, "(6, 5)": -0.046579537695898565, "(3, 6)": -0.04035372981633503, "(3, 7)": -0.030382497667091467, "(4, 6)": -0.04530006888703482, "(1, 6)": -0.25834153765636725, "(1, 7)": -0.23412581238412117, "(5, 1)": -0.0972444325267513, "(1, 1)": -0.2785729829216653, "(1, 0)": -0.26061367145086756, "(2, 0)": -0.04239599227888013, "(3, 0)": -0.04170195973751675, "(4, 5)": -0.04388105893985208, "(6, 0)": -0.23702871510314177, "(2, 1)": -0.09427652532804727, "(4, 1)": -0.05918710179204742, "(7, 3)": -0.04252108304360435, "(0, 1)": -0.2495668501621241, "(6, 3)": -0.04792001848715557, "(7, 1)": -0.24945920247347803, "(2, 5)": -0.04723522734292681, "(2, 7)": -0.026789913759066693, "(4, 7)": -0.03273170616899578, "(6, 1)": -0.24750590619900226, "(6, 7)": -0.2580366141099899, "(7, 6)": -0.2703379551108147, "(1, 2)": -0.10425944642669856, "(6, 2)": -0.041093527505796736, "(2, 2)": -0.009968370201241788, "(2, 3)": -0.05582333437666347, "(2, 6)": -0.0425221375840515, "(4, 0)": -0.047923127165913806, "(0, 3)": -0.03337279328572886, "(5, 7)": -0.019244576013865276, "(5, 6)": -0.002719756439812621, "(7, 5)": -0.03588708510832804, "(2, 4)": -0.006724664873568616, "(7, 4)": -0.03856916783028899, "(5, 0)": -0.035011207759114794, "(0, 2)": -0.021276202218152757, "(7, 7)": 0.30395730282302263, "(0, 5)": -0.016790640937257725, "(7, 0)": 0.1586926343381522, "(7, 2)": -0.03867300817416003, "(0, 7)": 0.13662354060239792, "(0, 0)": 0.18338628147417832}