{"bias": 1.705129935172835, "#player's chess": 0.20143705025049985, "(3, 1)": -0.027851244125610835, "parityHeuristic": 0.3826998031868481, "stableHeuristic": 0.31388495998960264, "mobilityHeuristic": 0.4632734623381795, "positionHeuristic": -0.34010605965857005, "(4, 2)": 0.03165180920906342, "(5, 2)": 0.07084396679287226, "(5, 4)": 0.030459160014828023, "(5, 6)": 0.07804964774850677, "(2, 4)": 0.06900000739079479, "(2, 1)": -0.07801165625494164, "(3, 6)": 0.07322913085906095, "(2, 3)": 0.007770182550495993, "(4, 6)": 0.04479446675734154, "(6, 4)": 0.0356012697083601, "(6, 5)": 0.07089097921806051, "(5, 1)": 0.07619319071270411, "(5, 3)": 0.06787943712928114, "(6, 6)": -0.021004123026091764, "(3, 5)": 0.023840081174478642, "(4, 1)": 0.06823535174077004, "(7, 2)": 0.0824475814455881, "(0, 4)": 0.07250626195172297, "(0, 5)": 0.08326858571146606, "(1, 1)": 0.014248499745126368, "(1, 2)": 0.07832987453973336, "(1, 3)": -0.040059701354492515, "(1, 5)": -0.010799644225574867, "(2, 5)": 0.06424079827092538, "(0, 2)": 0.09510425821301222, "(0, 3)": 0.04209720716189633, "(0, 0)": 0.21553947347454, "(6, 2)": 0.003844491280508992, "(0, 6)": -0.08274237972036341, "(2, 0)": -0.15048364588789526, "(4, 0)": -0.07691205601998059, "(5, 0)": 0.06058939720262032, "(6, 0)": -0.10135242959677773, "(7, 0)": 0.2200295781978204, "(7, 4)": 0.08211766610702757, "(1, 6)": -0.15914103916262556, "(1, 7)": 0.06432127641596845, "(2, 7)": -0.1228183468629313, "(7, 5)": 0.0630931521763636, "(7, 3)": -0.060800269746269855, "(3, 7)": 0.07570969464103793, "(1, 0)": -0.10618529723184585, "(7, 1)": -0.12267695686943567, "(4, 7)": 0.07125917916330779, "(5, 7)": 0.11229852563444125, "(7, 7)": 0.2659160458452972, "(6, 7)": -0.015588597820114595, "(2, 2)": 0.06887103091933397, "(5, 5)": 0.06787888040848342, "(0, 1)": -0.05277750225474779, "(3, 2)": 0.05239678504366616, "(2, 6)": -0.0632157309449879, "(3, 0)": 0.06121586935405449, "(6, 3)": 0.07011188991262733, "(6, 1)": -0.062424361095838675, "(0, 7)": 0.23872108945648846, "(1, 4)": 0.06932794980275246, "(7, 6)": -0.13080946757218725, "(4, 5)": 0.046860661863107965}